,City,Lattitutde,Longitude,Country,Date,Humidity,Cloudiness,Max Temp,Wind Speed
0,Mataura,-46.19,168.86,NZ,1577673206,78,91,57.99,15.01
1,Port Alfred,-33.59,26.89,ZA,1577673249,96,10,69.01,11.36
2,Ushuaia,-54.81,-68.31,AR,1577673627,66,11,50.0,5.82
3,Vestmannaeyjar,63.44,-20.27,IS,1577673672,72,0,40.87,18.07
4,Faanui,-16.48,-151.75,PF,1577673380,76,100,81.73,12.24
5,Saint Anthony,43.97,-111.68,US,1577673675,79,90,19.4,4.38
6,Qaanaaq,77.48,-69.36,GL,1577673232,89,100,-10.28,1.34
7,Arraial do Cabo,-22.97,-42.02,BR,1577673152,85,5,75.72,10.13
8,Mangai,-4.07,19.59,CD,1577673679,92,100,69.62,1.88
9,Melfort,52.87,-104.61,CA,1577673680,92,90,8.6,5.82
10,Chokurdakh,70.62,147.9,RU,1577673196,84,65,-30.41,7.07
11,Mar del Plata,-46.43,-67.52,AR,1577673102,62,59,60.76,5.73
12,Lorengau,-2.02,147.27,PG,1577673533,68,15,84.33,5.21
13,Jawar,32.75,45.21,IQ,1577673685,51,0,55.45,8.84
14,Port Blair,11.67,92.75,IN,1577673465,76,16,81.5,13.87
15,Rikitea,-23.12,-134.97,PF,1577673240,78,100,77.41,5.75
16,Kumba,4.64,9.44,CM,1577673689,78,32,73.99,0.81
17,Albany,42.65,-73.75,US,1577672958,86,90,35.6,4.7
18,Khatanga,71.98,102.47,RU,1577673343,97,42,-32.57,6.46
19,Matai,-8.3,31.52,TZ,1577673693,96,99,58.98,1.9
20,Jiuquan,39.73,98.49,CN,1577673695,53,24,16.14,3.8
21,Kaseda,31.42,130.32,JP,1577673696,100,75,57.2,3.36
22,Omboue,-1.57,9.26,GA,1577673698,92,76,75.22,1.21
23,Tuktoyaktuk,69.44,-133.03,CA,1577673338,74,75,-22.0,12.75
24,New Norfolk,-42.78,147.06,AU,1577673305,37,28,102.99,12.75
25,Severo-Kurilsk,50.68,156.12,RU,1577673188,92,100,25.99,11.74
26,Sampit,-2.54,112.95,ID,1577673704,72,31,87.82,0.56
27,Kloulklubed,7.04,134.26,PW,1577673706,70,75,86.0,11.41
28,Yellowknife,62.45,-114.38,CA,1577673248,75,75,-17.0,6.11
29,Batagay,67.65,134.64,RU,1577673709,77,0,-26.41,4.21
30,Bethel,60.79,-161.76,US,1577673461,68,1,-14.8,16.11
31,East London,-33.02,27.91,ZA,1577673191,83,9,70.2,8.66
32,Kerouane,12.23,-12.34,GN,1577673713,21,2,66.18,4.16
33,Sacramento,38.58,-121.49,US,1577673567,100,90,50.0,6.93
34,Saint-Philippe,45.36,-73.48,CA,1577673421,68,90,28.99,12.75
35,Bredasdorp,-34.53,20.04,ZA,1577673225,82,67,66.2,6.93
36,Erenhot,43.65,111.97,CN,1577673372,78,84,-3.68,11.72
37,Dingle,11.0,122.67,PH,1577673720,77,14,82.08,11.52
38,Lompoc,34.64,-120.46,US,1577673132,81,40,54.0,5.64
39,Vardo,39.62,-77.74,US,1577673367,93,90,50.0,4.7
40,Gizo,31.8,34.94,IL,1577673724,58,0,55.0,5.82
41,Lugovoy,59.72,65.88,RU,1577673725,88,0,-4.61,4.72
42,Imbituba,-28.24,-48.67,BR,1577673726,88,40,77.0,9.17
43,Ola,59.58,151.3,RU,1577673527,74,100,6.39,7.61
44,Pangody,65.85,74.49,RU,1577673730,91,100,13.3,15.93
45,Vila Velha,-3.71,-38.6,BR,1577673731,78,75,86.0,9.17
46,Chuy,-33.69,-53.46,UY,1577673325,93,51,70.39,4.74
47,Alekseyevskaya,45.77,40.15,RU,1577673734,80,100,37.0,12.28
48,Kostomuksha,64.59,30.6,RU,1577673735,98,100,36.86,16.58
49,Avarua,-21.21,-159.78,CK,1577672911,78,100,77.0,3.36
50,Guangshui,31.62,113.82,CN,1577673737,67,0,48.13,13.24
51,Kamaishi,39.28,141.86,JP,1577673739,80,75,30.2,2.24
52,Mahebourg,-20.41,57.7,MU,1577673558,100,75,77.0,26.4
53,Hobart,-42.88,147.33,AU,1577673242,37,33,102.99,12.75
54,Jamestown,-33.21,138.6,AU,1577673340,14,68,102.94,21.5
55,Atuona,-9.8,-139.03,PF,1577673458,74,4,80.73,12.82
56,Taquaritinga,-21.41,-48.51,BR,1577673745,73,99,74.86,5.73
57,Upernavik,72.79,-56.15,GL,1577673294,78,100,14.22,14.43
58,Saldanha,41.42,-6.55,PT,1577673748,52,3,40.68,1.74
59,Vestmanna,62.16,-7.17,FO,1577673749,81,100,46.4,25.28
60,Vaini,15.34,74.49,IN,1577673233,93,5,69.8,6.49
61,Dikson,73.51,80.55,RU,1577673317,92,100,-1.34,31.07
62,Vila,45.18,8.4,IT,1577673753,100,75,37.99,6.93
63,Gimli,50.63,-96.99,CA,1577673754,94,100,12.99,8.99
64,Kruisfontein,-34.0,24.73,ZA,1577673498,98,86,63.16,0.94
65,Cidreira,-30.17,-50.22,BR,1577673642,89,0,75.09,23.24
66,Lavrentiya,65.58,-170.99,RU,1577673252,86,4,-9.51,14.32
67,Abeche,13.83,20.83,TD,1577673759,17,100,61.59,10.89
68,Luderitz,-26.65,15.16,NA,1577673447,90,33,61.21,19.6
69,Mildura,-34.18,142.16,AU,1577673762,8,90,107.6,17.22
70,Jeannette,40.33,-79.62,US,1577673587,100,90,60.01,3.36
71,Lokosovo,61.13,74.84,RU,1577673765,89,38,-1.05,9.19
72,Busselton,-33.64,115.35,AU,1577673186,26,92,75.99,9.08
73,Cape Town,-33.93,18.42,ZA,1577673065,77,0,66.99,18.34
74,Belaya Gora,68.54,146.19,RU,1577673769,75,0,-31.31,4.83
75,Vanimo,-2.67,141.3,PG,1577673770,72,100,83.37,9.24
76,Gualeguay,-33.15,-59.31,AR,1577673772,78,99,78.78,10.38
77,Predivinsk,57.07,93.44,RU,1577673773,89,100,-2.99,2.91
78,Grindavik,63.84,-22.43,IS,1577673774,80,0,35.6,11.41
79,Langham,52.36,-106.96,CA,1577673775,78,75,17.6,11.41
80,Sawtell,-30.38,153.1,AU,1577673776,57,0,89.01,24.16
81,Kawalu,-7.38,108.21,ID,1577673778,68,98,82.6,4.16
82,Mandera,3.94,41.86,ET,1577673779,27,28,61.0,7.0
83,Vila Franca do Campo,37.72,-25.43,PT,1577673396,76,20,51.8,5.82
84,Jaffna,9.67,80.01,LK,1577673715,79,8,79.27,12.66
85,Red Bluff,40.18,-122.24,US,1577673783,93,90,46.4,8.05
86,Jiayuguan,39.77,98.29,CN,1577673784,34,20,15.69,11.54
87,Rio Grande,-32.03,-52.1,BR,1577673528,93,12,73.99,6.62
88,Punta Arenas,-53.16,-70.91,CL,1577672963,57,8,51.8,8.05
89,Castro,-42.48,-73.76,CL,1577673209,81,100,53.6,6.93
90,Solnechnyy,50.72,136.64,RU,1577673790,92,100,0.91,2.28
91,Emborion,40.48,21.55,GR,1577673791,68,2,26.6,13.87
92,Yar-Sale,66.83,70.83,RU,1577673792,78,100,14.04,20.69
93,Carnarvon,-30.97,22.13,ZA,1577673272,73,0,62.53,8.61
94,Ribeira Grande,38.52,-28.7,PT,1577673385,69,79,54.81,7.83
95,Nuuk,64.17,-51.74,GL,1577673796,85,100,19.4,5.82
96,Chico,39.73,-121.84,US,1577673599,93,90,48.2,6.93
97,Guerrero Negro,27.97,-114.04,MX,1577673799,52,0,58.21,5.64
98,Kapaa,22.08,-159.32,US,1577673800,74,1,82.4,6.93
99,Kundiawa,-6.02,144.97,PG,1577673802,84,49,67.24,2.95
100,Flinders,-34.58,150.85,AU,1577673803,38,33,98.01,8.05
101,Havoysund,71.0,24.66,NO,1577673804,75,75,32.0,14.99
102,Lazaro Cardenas,28.39,-105.62,MX,1577673806,45,5,42.8,4.7
103,Hermanus,-34.42,19.24,ZA,1577673220,91,48,64.99,1.01
104,Kahului,20.89,-156.47,US,1577673398,54,40,82.4,19.46
105,Lata,30.78,78.62,IN,1577673810,29,0,16.9,6.82
106,Seoul,37.57,126.98,KR,1577673558,100,90,44.6,1.12
107,Bluff,-23.58,149.07,AU,1577673330,42,25,87.96,12.44
108,Faya,18.39,42.45,SA,1577673814,66,96,51.8,8.05
109,Butaritari,3.07,172.79,KI,1577673326,76,100,83.7,11.86
110,Georgetown,6.8,-58.16,GY,1577673817,94,100,75.2,2.24
111,Mount Gambier,-37.83,140.78,AU,1577673344,15,56,102.2,23.04
112,Lasa,34.92,32.53,CY,1577673820,67,75,62.6,19.46
113,Pontianak,-0.02,109.34,ID,1577673821,69,100,87.58,1.81
114,Thunder Bay,48.41,-89.26,CA,1577673822,100,90,33.01,19.46
115,Vostok,46.45,135.83,RU,1577673478,91,99,14.54,5.01
116,Bassila,9.0,1.66,BJ,1577673825,15,0,68.86,7.02
117,Camacha,33.08,-16.33,PT,1577673430,88,20,64.4,3.36
118,Bilibino,68.06,166.44,RU,1577673827,100,100,-31.7,1.28
119,Rundu,-17.91,19.77,NA,1577673829,74,72,70.75,3.76
120,Saint George,39.45,22.34,GR,1577673555,48,40,41.0,23.04
121,Coihaique,-45.58,-72.07,CL,1577673521,48,45,60.8,3.36
122,Sakaiminato,35.55,133.23,JP,1577673833,82,75,55.4,2.24
123,Kandrian,-6.21,149.55,PG,1577673834,76,78,83.93,6.67
124,Longyearbyen,78.22,15.63,NO,1577673280,51,0,12.2,25.28
125,Barrow,-38.31,-60.23,AR,1577673255,90,100,67.73,10.18
126,Champerico,16.38,-93.6,MX,1577673414,57,40,75.2,0.76
127,Puerto Ayora,-0.74,-90.35,EC,1577673392,88,57,75.0,4.0
128,Norman Wells,65.28,-126.83,CA,1577673298,62,40,-14.8,23.04
129,Gouyave,12.16,-61.73,GD,1577673842,83,20,78.8,5.82
130,Brae,60.4,-1.35,GB,1577673844,76,100,48.2,27.51
131,Synya,65.37,58.04,RU,1577673845,74,100,12.88,18.81
132,Aras,42.56,-2.36,ES,1577673846,69,90,33.01,3.36
133,Borger,52.92,6.79,NL,1577673847,60,94,42.01,11.41
134,Salalah,17.01,54.1,OM,1577673576,73,41,75.2,4.7
135,Colares,38.8,-9.45,PT,1577673850,81,0,54.0,2.24
136,Lagoa,37.14,-8.45,PT,1577673535,81,0,54.0,9.17
137,Novodugino,55.63,34.3,RU,1577673853,89,100,22.06,13.91
138,Provideniya,64.42,-173.23,RU,1577673457,60,0,8.6,17.9
139,San Jose,14.25,-87.96,HN,1577673601,80,89,64.54,1.36
140,Paamiut,61.99,-49.67,GL,1577673857,72,0,22.35,5.53
141,Hithadhoo,-0.6,73.08,MV,1577673446,75,100,82.94,8.61
142,Leningradskiy,69.38,178.42,RU,1577673568,92,100,-19.41,26.24
143,Naze,5.43,7.07,NG,1577673861,82,41,70.05,1.57
144,Honiara,-9.43,159.96,SB,1577673862,70,20,87.8,6.93
145,Taoudenni,22.68,-3.98,ML,1577673356,23,0,58.53,11.63
146,Tasiilaq,65.61,-37.64,GL,1577673284,45,83,26.6,2.24
147,Chima,23.51,110.58,CN,1577673866,51,63,73.02,3.71
148,Cherskiy,68.75,161.3,RU,1577673441,100,4,-34.96,3.42
149,Itoman,26.12,127.67,JP,1577673870,94,75,71.6,12.75
150,Erdemli,36.61,34.31,TR,1577673871,92,100,54.91,30.82
151,Wad Rawah,15.16,33.13,SD,1577673872,27,0,58.69,10.04
152,Asyut,27.18,31.19,EG,1577673874,57,0,50.94,9.86
153,Oeiras,-7.01,-42.13,BR,1577673875,87,62,73.18,2.35
154,Humaita,-24.93,-65.37,AR,1577673876,88,75,77.0,2.24
155,Antofagasta,-23.65,-70.4,CL,1577673792,77,75,66.2,8.05
156,Kirkland Lake,48.15,-80.03,CA,1577673879,85,90,21.2,11.41
157,Miraflores,-16.39,-71.52,PE,1577673880,76,20,57.2,4.7
158,Samarai,-10.62,150.67,PG,1577673882,60,47,86.43,8.01
159,Charleston,32.79,-79.94,US,1577673651,100,90,70.0,10.27
160,Cayenne,4.94,-52.33,GF,1577673884,94,75,77.0,6.02
161,Gazanjyk,39.24,55.52,TM,1577673885,92,10,38.86,2.21
162,Ilulissat,69.22,-51.1,GL,1577673887,72,61,17.6,12.75
163,Teya,21.05,-89.07,MX,1577673888,88,20,75.2,4.81
164,Hofn,64.25,-15.21,IS,1577673520,95,100,36.91,16.8
165,Usinsk,66.0,57.56,RU,1577673891,76,100,16.47,28.25
166,Paso de los Toros,-32.81,-56.52,UY,1577673892,79,67,76.05,9.53
167,Zalantun,48.0,122.72,CN,1577673894,68,0,-5.55,13.56
168,Saint-Jean-de-Maurienne,45.28,6.35,FR,1577673895,81,0,33.01,3.6
169,Turayf,31.68,38.65,SA,1577673896,86,0,39.2,6.93
170,Lebu,8.96,38.73,ET,1577673583,62,20,53.6,6.93
171,Aketi,2.74,23.78,CD,1577673899,56,68,65.91,0.83
172,Ahuimanu,21.44,-157.84,US,1577673431,65,40,82.4,9.17
173,Torbay,47.66,-52.73,CA,1577673600,92,90,32.0,25.28
174,Frunze,43.71,77.27,KZ,1577673902,98,90,35.6,6.71
175,Nemuro,43.32,145.57,JP,1577673904,63,40,28.4,9.17
176,Laguna,16.17,-88.94,BZ,1577673905,98,8,71.08,1.16
177,Kodiak,39.95,-94.76,US,1577673907,90,90,32.0,23.04
178,Port Elizabeth,39.31,-74.98,US,1577673611,100,90,55.0,7.99
179,Poya,-21.35,165.16,NC,1577673911,82,45,76.32,22.06
180,Constitucion,23.99,-104.67,MX,1577673912,26,5,55.4,12.75
181,Jalu,29.03,21.55,LY,1577673451,71,0,46.09,15.59
182,Tiksi,71.64,128.87,RU,1577673916,82,100,-19.93,12.62
183,Beringovskiy,63.05,179.32,RU,1577673376,88,0,-9.33,22.73
184,Haines Junction,60.75,-137.51,CA,1577673402,96,98,20.19,11.79
185,Vorukh,39.85,70.57,KG,1577673920,70,100,31.66,0.29
186,Ngunguru,-35.62,174.5,NZ,1577673922,63,0,77.0,8.01
187,Thompson,55.74,-97.86,CA,1577673725,84,20,-0.4,5.82
188,Nikolskoye,59.7,30.79,RU,1577673925,86,90,34.0,8.95
189,Cheney,47.49,-117.58,US,1577673667,85,90,35.6,4.7
190,Nangong,37.36,115.37,CN,1577673928,12,0,26.91,11.61
191,Kirakira,-10.46,161.92,SB,1577673929,72,10,81.54,3.44
192,Hualmay,-11.1,-77.61,PE,1577673487,89,70,66.2,1.36
193,Cacoal,-11.43,-61.44,BR,1577673697,92,100,74.43,2.33
194,Zlobin,45.29,14.65,HR,1577673933,43,20,36.0,12.75
195,Jurm,36.86,70.83,AF,1577673934,40,100,20.08,8.79
196,Mumford,5.26,-0.76,GH,1577673936,90,0,75.6,1.57
197,Canberra,-35.3,149.1,AU,1577673937,6,74,100.99,18.34
198,Touros,-5.2,-35.46,BR,1577673938,78,20,78.8,9.17
199,Benghazi,32.12,20.07,LY,1577673624,59,77,55.54,14.81
200,Cockburn Town,21.46,-71.14,TC,1577673941,73,35,78.6,20.11
201,Mogadishu,2.04,45.34,SO,1577673651,80,58,80.38,20.54
202,Sokolo,14.74,-6.12,ML,1577673945,14,0,65.3,11.43
203,Makat,47.65,53.35,KZ,1577673946,87,62,25.52,4.45
204,Cururupu,-1.82,-44.87,BR,1577673948,97,100,74.55,1.41
205,Karratha,-20.74,116.85,AU,1577673950,87,1,84.42,10.36
206,Hambantota,6.12,81.12,LK,1577673951,100,75,69.8,5.82
207,Hilo,19.71,-155.08,US,1577673953,57,20,80.6,9.17
208,Broome,52.47,1.45,GB,1577673954,86,52,44.01,12.75
209,Shingu,33.72,135.99,JP,1577673956,100,75,55.4,6.93
210,Gorontalo,0.54,123.06,ID,1577673701,52,37,90.16,2.44
211,Ruteng,-8.61,120.46,ID,1577673497,59,23,84.04,5.73
212,Santa Isabel do Rio Negro,-0.41,-65.02,BR,1577673960,98,100,74.73,2.86
213,Sao Filipe,14.9,-24.5,CV,1577673382,67,0,71.49,12.26
214,Esperance,-33.86,121.89,AU,1577673962,49,90,68.0,12.75
215,Palm City,33.58,73.11,PK,1577673963,47,90,32.0,3.36
216,Saskylakh,71.97,114.09,RU,1577673965,92,90,-28.55,5.37
217,Adrar,27.87,-0.29,DZ,1577673966,49,24,48.2,13.87
218,Geraldton,49.72,-86.95,CA,1577673967,85,90,15.8,14.99
219,Manggar,-2.88,108.27,ID,1577673969,77,100,82.62,8.14
220,Ambanja,-13.68,48.45,MG,1577673971,93,100,75.65,2.77
221,Ponta do Sol,-20.63,-46.0,BR,1577673972,90,14,65.23,3.67
222,Te Anau,-45.41,167.72,NZ,1577673973,64,48,61.23,6.46
223,Pevek,69.7,170.27,RU,1577673579,98,100,-24.45,7.49
224,Santa Cruz,-6.22,-36.02,BR,1577673976,91,90,71.94,5.12
225,Palmer,-34.85,139.16,AU,1577673977,16,36,106.0,23.04
226,Dunedin,-45.87,170.5,NZ,1577673222,71,95,60.01,15.99
227,Mayor Pablo Lagerenza,-19.93,-60.77,PY,1577673980,66,70,79.86,4.97
228,College,64.86,-147.8,US,1577673982,70,90,1.4,4.97
229,Toba,34.47,136.83,JP,1577673983,87,75,46.4,10.29
230,La Ronge,55.1,-105.3,CA,1577673985,92,40,19.4,6.93
231,Port Hardy,50.7,-127.42,CA,1577673353,93,90,44.6,4.7
232,Bamiantong,44.93,130.53,CN,1577673988,84,0,-0.27,8.01
233,Alpinopolis,-20.86,-46.39,BR,1577673990,92,67,63.28,5.06
234,Port Lincoln,-34.72,135.86,AU,1577673561,52,27,77.59,22.84
235,Pangnirtung,66.15,-65.72,CA,1577673992,93,100,-1.37,2.51
236,Maymyo,22.03,96.47,MM,1577673994,87,40,57.2,2.24
237,Fairbanks,64.84,-147.72,US,1577673995,70,90,1.99,4.34
238,Yarmouth,43.84,-66.12,CA,1577673997,59,75,34.0,10.29
239,Tual,-5.67,132.75,ID,1577673998,70,100,84.36,8.61
240,Airai,-8.93,125.41,TL,1577673999,77,99,76.86,4.43
241,Wadi Musa,30.32,35.48,JO,1577674001,64,0,41.34,1.59
242,Bosaso,11.28,49.18,SO,1577673759,76,4,77.63,0.65
243,Padang,-0.92,100.36,ID,1577674003,65,0,82.04,1.7
244,Belyy Yar,53.6,91.39,RU,1577674004,69,100,-13.0,2.24
245,Mutare,-18.97,32.67,MZ,1577674006,93,87,64.06,3.8
246,Berlevag,70.86,29.09,NO,1577674007,71,100,33.44,16.06
247,Xining,36.62,101.77,CN,1577674009,31,0,21.27,4.61
248,Palora,-1.7,-77.97,EC,1577674011,96,92,65.77,1.83
249,San Policarpo,12.18,125.51,PH,1577674012,73,0,82.98,16.91
250,Dreux,48.74,1.37,FR,1577674013,58,29,34.0,3.36
251,Waingapu,-9.65,120.26,ID,1577674014,69,100,84.83,2.53
252,Sarandi,-27.94,-52.92,BR,1577674016,79,0,70.45,4.09
253,Tupik,54.43,119.94,RU,1577674017,87,0,-24.27,3.44
254,Takab,36.4,47.11,IR,1577674018,67,0,24.44,3.15
255,Yagodnoye,62.52,149.63,RU,1577674020,89,34,-18.78,2.75
256,Penzance,50.12,-5.53,GB,1577674021,100,0,51.01,16.11
257,Goundi,9.36,17.37,TD,1577674022,24,0,62.94,3.31
258,Praia,-20.25,-43.81,BR,1577674023,68,25,71.6,8.05
259,Marinette,45.1,-87.63,US,1577673972,100,90,42.8,4.7
260,Comodoro Rivadavia,-45.87,-67.48,AR,1577673895,63,41,62.6,6.93
261,Goderich,43.74,-81.71,CA,1577673915,93,100,39.0,25.01
262,Port Hedland,-20.31,118.58,AU,1577674030,66,40,91.4,13.87
263,Narsaq,60.91,-46.05,GL,1577674031,79,97,24.8,4.7
264,Sabratah,32.79,12.49,LY,1577674033,71,79,55.92,21.32
265,Nishihara,35.74,139.53,JP,1577674034,61,20,46.99,6.93
266,Salinopolis,-0.61,-47.36,BR,1577674008,78,100,82.72,15.32
267,Beloha,-25.17,45.06,MG,1577674038,62,64,78.71,10.29
268,Tautira,-17.73,-149.15,PF,1577673519,74,40,84.2,17.22
269,Rexburg,43.82,-111.79,US,1577674040,79,90,19.4,3.33
270,Banff,51.18,-115.57,CA,1577674003,85,0,18.59,2.71
271,Broken Hill,-31.97,141.45,AU,1577674043,9,33,105.8,17.22
272,Rocha,-34.48,-54.34,UY,1577673746,95,67,65.55,4.92
273,Hanmer Springs,-42.52,172.83,NZ,1577674045,66,100,61.72,5.97
274,Galich,58.38,42.35,RU,1577674047,89,100,17.94,11.03
275,Ballitoville,-29.54,31.21,ZA,1577674049,88,20,71.01,6.93
276,Saint-Georges,46.12,-70.67,CA,1577674050,81,99,24.01,1.03
277,Ganzhou,25.86,114.93,CN,1577674051,58,21,64.17,7.45
278,Qaqortoq,60.72,-46.03,GL,1577674053,79,93,24.8,4.7
279,Olenino,56.21,33.48,RU,1577674054,71,100,24.13,12.93
280,Petropavlovsk-Kamchatskiy,53.05,158.65,RU,1577674056,61,100,15.8,6.71
281,Coquimbo,-29.95,-71.34,CL,1577673324,87,2,59.0,4.7
282,Setermoen,68.86,18.35,NO,1577674059,98,90,32.0,11.41
283,Cabra,37.47,-4.43,ES,1577674060,100,0,43.0,1.12
284,Banepa,27.63,85.52,NP,1577674061,93,20,39.2,2.24
285,Chermoz,58.79,56.15,RU,1577674063,86,0,-6.11,3.15
286,Ayorou,14.73,0.92,NE,1577674064,15,0,63.73,9.1
287,Mayo,63.59,-135.9,CA,1577674066,76,90,-7.6,5.5
288,Hisor,38.53,68.55,TJ,1577674067,52,90,41.0,2.24
289,Plettenberg Bay,-34.05,23.37,ZA,1577673552,94,77,66.45,3.94
290,Mount Isa,-20.73,139.49,AU,1577673911,17,38,102.2,5.82
291,Katherine,-14.47,132.26,AU,1577674071,44,39,95.0,10.29
292,Batagay-Alyta,67.8,130.41,RU,1577674072,80,100,-15.95,4.92
293,Kavos,38.83,22.83,GR,1577674074,56,90,41.0,9.17
294,Emerald,-23.53,148.16,AU,1577674075,35,0,90.0,12.75
295,Auburn,44.1,-70.23,US,1577673844,80,90,34.0,6.93
296,Harper,30.3,-99.24,US,1577674078,64,1,46.99,6.78
297,Vista Hermosa,14.92,-92.27,MX,1577674080,94,40,75.2,3.65
298,Camopi,3.17,-52.33,GF,1577674081,99,27,71.29,2.37
299,Ust-Kulom,61.69,53.69,RU,1577674083,77,100,5.72,11.14
300,Noumea,-22.28,166.46,NC,1577674085,58,20,84.2,24.16
301,Opunake,-39.45,173.86,NZ,1577674086,76,7,68.0,10.0
302,Atambua,-9.11,124.89,ID,1577674087,69,100,84.43,5.41
303,Wangaratta,-36.36,146.32,AU,1577674089,4,5,108.0,19.46
304,Loanda,-22.93,-53.14,BR,1577674090,64,27,77.5,7.27
305,Ucluelet,48.94,-125.55,CA,1577674091,94,100,46.99,1.28
306,Salvador,-12.98,-38.48,BR,1577673827,74,20,80.6,5.82
307,Illela,12.25,4.3,NG,1577674094,17,0,62.76,10.07
308,Walvis Bay,-22.95,14.51,NA,1577674096,87,29,61.0,8.05
309,Razole,16.48,81.84,IN,1577674097,66,5,74.7,6.82
310,Richards Bay,-28.77,32.06,ZA,1577674099,88,100,73.22,18.97
311,Beba,22.44,-79.73,CU,1577674100,94,40,75.2,5.82
312,Codrington,-28.95,153.24,AU,1577674102,40,98,87.8,12.75
313,Kotido,3.01,34.12,UG,1577673551,46,69,72.66,6.93
314,Yanam,16.73,82.22,IN,1577674104,64,20,71.6,9.17
315,Balkhash,46.84,74.98,KZ,1577674106,89,58,17.58,8.37
316,Nanortalik,60.14,-45.24,GL,1577674108,67,96,27.16,9.22
317,Cedar City,37.68,-113.06,US,1577674109,73,90,26.6,1.59
318,Iqaluit,63.75,-68.52,CA,1577674110,77,75,3.2,3.36
319,Vao,59.1,26.19,EE,1577674112,90,100,38.73,15.82
320,Hasaki,35.73,140.83,JP,1577674113,100,75,44.6,8.05
321,Kavaratti,10.57,72.64,IN,1577674114,69,98,82.63,2.91
322,Igarka,67.47,86.57,RU,1577674115,94,100,-14.93,18.57
323,Dera Bugti,29.03,69.15,PK,1577674117,39,0,45.82,0.83
324,Chimbote,-9.08,-78.59,PE,1577674118,80,99,70.47,6.71
325,Inta,66.04,60.13,RU,1577674119,75,95,8.62,27.04
326,Svetlogorsk,53.14,59.15,RU,1577674121,84,90,5.0,2.24
327,Kaitangata,-46.28,169.85,NZ,1577674122,69,72,60.01,8.01
328,Alyangula,-13.85,136.42,AU,1577674124,59,75,91.4,9.17
329,Charagua,-19.79,-63.2,BO,1577674125,91,100,72.09,5.26
330,Abu Samrah,35.3,37.18,SY,1577674127,79,0,46.33,6.78
331,Takestan,36.07,49.69,IR,1577674128,80,0,30.2,2.24
332,Alice Springs,-23.7,133.88,AU,1577673491,16,53,102.2,5.82
333,Saint-Augustin,45.63,-73.98,CA,1577674131,68,90,28.4,6.93
334,Iracoubo,5.48,-53.21,GF,1577674132,80,100,79.74,17.72
335,Palu,-0.9,119.87,ID,1577674134,65,57,83.05,3.02
336,San Patricio,-26.98,-56.83,PY,1577674135,52,0,81.7,5.32
337,Ancud,-41.87,-73.83,CL,1577674136,81,100,53.6,6.93
338,Samfya,-11.37,29.56,ZM,1577674138,98,100,65.64,2.55
339,Wagrowiec,52.81,17.2,PL,1577674139,61,100,34.0,8.05
340,General Pico,-35.66,-63.75,AR,1577674140,85,100,72.93,5.32
341,Iberia,-11.41,-69.49,PE,1577674141,99,100,72.14,2.13
342,Cairns,-16.92,145.77,AU,1577674142,62,40,91.0,11.41
343,Conceicao do Araguaia,-8.26,-49.26,BR,1577674144,83,99,75.04,0.94
344,Caravelas,-17.73,-39.27,BR,1577674146,88,2,69.96,2.33
345,Beatrice,40.27,-96.75,US,1577674147,74,90,30.2,19.46
346,Hami,42.84,93.51,CN,1577674148,27,0,22.95,3.22
347,Sistranda,63.73,8.83,NO,1577673656,87,75,46.99,26.4
348,Namibe,-15.19,12.15,AO,1577674151,88,100,72.81,8.14
349,Coahuayana,18.62,-100.35,MX,1577674152,48,12,74.35,3.47
350,Egvekinot,66.32,-179.17,RU,1577674153,92,99,-17.86,9.51
351,Ketchikan,55.34,-131.65,US,1577674155,93,90,44.6,23.04
352,Yuncheng,35.03,111.0,CN,1577674156,26,98,34.68,5.37
353,Biak,-0.91,122.88,ID,1577673662,72,87,82.92,3.89
354,Puerto Escondido,15.86,-97.07,MX,1577674158,74,75,80.6,5.82
355,Victoria,5.28,115.24,BN,1577674160,58,75,87.8,3.36
356,Alofi,-19.06,-169.92,NU,1577674161,88,75,78.8,9.17
357,Ngong,-1.37,36.65,KE,1577674162,88,75,64.4,5.82
358,Djenne,13.91,-4.55,ML,1577674164,15,0,65.89,8.93
359,Placido de Castro,-10.34,-67.19,BR,1577674165,99,100,70.16,1.52
360,Sheridan,39.65,-105.03,US,1577674022,61,1,24.8,5.82
361,Bajram Curri,42.36,20.08,AL,1577674168,37,89,37.4,27.51
362,Buchanan,5.88,-10.05,LR,1577674169,94,20,78.8,3.36
363,Avera,33.19,-82.53,US,1577674171,100,90,71.6,10.29
364,Bad Freienwalde,52.79,14.03,DE,1577674172,69,96,37.0,6.93
365,Kununurra,-15.77,128.74,AU,1577673594,47,94,96.8,4.7
366,Loa Janan,-0.58,117.09,ID,1577674174,55,100,89.51,5.1
367,Wilmington Island,32.0,-80.97,US,1577674176,93,90,70.0,9.17
368,Nicoya,10.15,-85.45,CR,1577673901,65,100,82.4,16.11
369,Skibotn,69.39,20.27,NO,1577674178,86,90,33.8,5.82
370,Souillac,45.6,-0.6,FR,1577674179,92,90,37.99,2.24
371,Talant,47.34,5.0,FR,1577674181,100,20,32.0,2.24
372,Ust-Ishim,57.69,71.17,RU,1577674182,95,0,-8.84,4.74
373,Tres Arroyos,-38.38,-60.28,AR,1577674183,90,100,68.72,8.3
374,Karaman,37.18,33.22,TR,1577674184,99,100,34.03,3.98
375,Siuna,13.73,-84.78,NI,1577674186,97,100,71.64,2.13
376,Khudumelapye,-23.91,24.95,BW,1577674188,56,100,73.44,9.64
377,Pochutla,15.74,-96.47,MX,1577674189,78,20,80.6,9.17
378,Bambous Virieux,-20.34,57.76,MU,1577674190,100,75,77.0,26.4
379,Ponnampet,12.15,75.93,IN,1577674192,94,40,75.2,4.7
380,Polillo,15.46,120.92,PH,1577674193,66,75,84.2,4.7
381,Sur,22.57,59.53,OM,1577674194,80,0,67.37,1.23
382,Bintulu,3.17,113.03,MY,1577674195,100,75,77.0,5.82
383,Muisne,0.61,-80.02,EC,1577674197,86,100,76.42,9.1
384,Martapura,-3.41,114.85,ID,1577674198,60,9,89.49,3.42
385,Tamandare,-8.28,-70.75,BR,1577674200,99,100,72.41,0.38
386,Chiplun,17.53,73.52,IN,1577673907,72,47,74.48,0.4
387,San Quintin,17.54,120.52,PH,1577674187,55,0,82.81,4.18
388,Neryungri,56.66,124.71,RU,1577674204,97,100,-22.9,7.58
389,Labuhan,-2.54,115.51,ID,1577674205,61,97,88.34,3.38
390,Dalbandin,28.9,64.41,PK,1577674206,43,0,49.3,3.76
391,Guadalajara,40.63,-3.16,ES,1577674208,92,0,44.01,5.82
392,Fort Nelson,58.81,-122.69,CA,1577674209,76,75,-4.0,0.49
393,Goiatuba,-18.02,-49.36,BR,1577674210,85,15,71.01,2.51
394,Tuatapere,-46.13,167.69,NZ,1577674212,78,57,57.99,17.0
395,Isla Vista,34.41,-119.86,US,1577674213,81,40,55.4,5.66
396,Roald,62.58,6.12,NO,1577674199,76,100,48.2,31.09
397,Nachingwea,-10.37,38.76,TZ,1577674215,98,99,70.57,3.13
398,Oxford,33.61,-85.83,US,1577674118,88,90,72.0,11.41
399,Kavieng,-2.57,150.8,PG,1577674218,74,39,84.4,13.38
400,Ostrovnoy,68.05,39.51,RU,1577674219,94,100,33.55,13.6
401,Mizdah,31.45,12.98,LY,1577674221,86,18,39.09,7.31
402,The Valley,18.22,-63.06,AI,1577673942,94,75,78.01,13.87
403,Cabo San Lucas,22.89,-109.91,MX,1577674223,68,5,66.0,3.36
404,Malatya,38.35,38.32,TR,1577674224,93,90,41.0,4.7
405,Waddan,29.16,16.14,LY,1577674226,76,0,41.94,8.08
406,Ulladulla,-35.36,150.48,AU,1577674227,38,5,102.0,8.05
407,Tabuk,17.41,121.44,PH,1577674228,69,0,80.74,5.32
408,Vung Tau,10.35,107.08,VN,1577674230,56,0,84.92,5.7
409,Havelock,34.88,-76.9,US,1577674058,77,90,87.8,9.17
410,Ignacio de la Llave,18.73,-95.98,MX,1577674232,94,40,73.4,2.59
411,Surt,31.21,16.59,LY,1577674234,71,94,50.09,8.68
412,Nhulunbuy,-12.18,136.78,AU,1577674235,49,90,93.2,10.29
413,Sembakung,3.82,117.25,ID,1577674236,94,75,80.6,2.24
414,Kiama,-34.67,150.86,AU,1577674237,38,33,99.0,8.05
415,Hay River,60.82,-115.79,CA,1577674239,75,75,-14.8,8.23
416,Kingaroy,-26.54,151.84,AU,1577674241,30,82,93.99,10.29
417,Northam,-31.65,116.67,AU,1577674242,33,0,73.4,12.75
418,Katsuura,33.93,134.5,JP,1577674243,93,75,52.0,6.93
419,Narovchat,53.88,43.7,RU,1577674245,94,50,13.51,5.03
420,Rawson,-43.3,-65.11,AR,1577674246,69,67,63.57,2.8
421,Baykit,61.68,96.39,RU,1577674247,98,84,-22.81,2.39
422,Kilindoni,-7.91,39.67,TZ,1577674250,81,100,82.36,19.77
423,Zaozerne,51.37,23.94,UA,1577674251,80,100,26.83,9.4
424,Gerash,27.67,54.14,IR,1577674253,86,0,41.0,1.34
425,Aklavik,68.22,-135.01,CA,1577674254,75,90,-16.6,8.05
426,Mabaruma,8.2,-59.78,GY,1577674255,98,42,69.82,1.81
427,Horn,48.66,15.66,AT,1577674257,85,22,27.0,5.82
428,Uxbridge,44.11,-79.13,CA,1577674258,93,90,34.0,10.29
429,Rincon,8.46,-82.28,PA,1577674260,78,100,68.0,1.01
430,Safonovo,55.11,33.24,RU,1577674261,85,100,23.18,11.05
431,Ugoofaaru,5.67,73.0,MV,1577674263,78,100,81.64,16.42
432,Gamba,28.28,88.52,CN,1577674237,11,45,17.04,1.72
433,Sarangani,5.4,125.46,PH,1577674265,76,100,81.79,25.95
434,Russell,38.9,-98.86,US,1577674266,69,90,34.0,21.92
435,Sitka,37.17,-99.65,US,1577674268,75,26,32.0,8.99
436,Klaksvik,62.23,-6.59,FO,1577674270,81,82,46.4,25.28
437,Yulara,-25.24,130.99,AU,1577674180,25,0,98.6,12.75
438,Krasnovka,48.37,40.26,RU,1577674272,86,100,32.0,3.89
439,Ambilobe,-13.19,49.05,MG,1577674273,92,100,75.69,4.32
440,Henties Bay,-22.12,14.28,NA,1577674275,93,95,61.0,1.01
441,Ravar,31.27,56.81,IR,1577674276,50,0,42.85,2.28
442,Vinh,18.67,105.69,VN,1577674277,82,78,70.3,3.47
443,Paragominas,-3.0,-47.35,BR,1577674279,97,100,73.89,3.13
444,Port-Gentil,-0.72,8.78,GA,1577674280,78,100,82.18,9.71
445,Doctor Cecilio Baez,-25.05,-56.32,PY,1577674281,67,14,80.19,3.06
446,Lat Yao,15.75,99.79,TH,1577674283,46,0,81.77,5.5
447,Saint-Joseph,43.56,6.97,FR,1577674284,87,90,46.0,4.7
448,Homer,59.64,-151.54,US,1577674285,80,90,39.2,8.05
449,Anadyr,64.73,177.51,RU,1577674287,74,40,-25.01,13.42
450,Pimentel,-3.7,-45.5,BR,1577674288,94,100,75.43,1.86
451,Rabaul,-4.2,152.17,PG,1577674290,71,0,84.33,6.26
452,Fortuna,40.6,-124.16,US,1577674181,100,90,48.0,3.36
453,Kiunga,-6.12,141.3,PG,1577674293,61,2,89.44,3.36
454,Virginia Beach,36.85,-75.98,US,1577674294,100,75,64.99,10.29
455,Qandala,11.47,49.87,SO,1577674295,86,0,74.48,3.89
456,Farafangana,-22.82,47.83,MG,1577674296,64,0,80.8,7.72
457,Zakamensk,50.38,103.29,RU,1577674298,80,0,-19.8,3.09
458,Makakilo City,21.35,-158.09,US,1577674193,69,20,82.4,12.75
459,Sungaipenuh,-2.08,101.38,ID,1577674078,78,73,74.52,2.42
460,Itarema,-2.92,-39.92,BR,1577674302,81,100,77.47,3.85
461,Monterey,36.6,-121.89,US,1577674160,100,90,53.01,13.27
462,Tilichiki,60.47,166.1,RU,1577674305,66,0,-10.61,8.05
463,Launceston,-41.43,147.14,AU,1577674210,23,30,93.2,23.04
464,Srednekolymsk,67.46,153.71,RU,1577674308,93,0,-34.1,2.06
465,Zapolyarnyy,69.43,30.82,RU,1577674309,100,90,28.4,2.24
466,Ibipeba,-11.64,-42.01,BR,1577674304,76,96,69.3,8.08
467,Kardla,58.44,26.57,EE,1577674312,93,100,37.0,18.34
468,Grand Gaube,-20.01,57.66,MU,1577674313,100,75,77.0,26.4
469,Huarmey,-10.07,-78.15,PE,1577674315,84,61,67.62,2.35
470,Pitimbu,-7.47,-34.81,BR,1577674316,78,20,78.8,9.17
471,Larsnes,62.2,5.58,NO,1577674317,76,100,48.2,31.09
472,Berezovyy,51.67,135.7,RU,1577674319,71,100,-4.04,1.92
473,Forest,32.36,-89.47,US,1577674320,81,75,60.8,3.36
474,Grand-Santi,4.27,-54.38,GF,1577674321,99,43,70.77,1.39
475,Zheleznodorozhnyy,55.75,38.0,RU,1577674323,86,90,27.0,11.18
476,Mananjary,-19.16,46.8,MG,1577674324,96,65,63.01,4.74
477,Abha,18.22,42.5,SA,1577674326,66,98,51.8,8.05
478,Nouadhibou,20.93,-17.03,MR,1577674327,39,100,66.2,13.87
479,Khrebtovaya,56.71,104.25,RU,1577674328,73,100,-8.0,7.29
480,Hobyo,5.35,48.53,SO,1577674187,84,12,75.9,9.93
481,Komsomolskiy,67.55,63.78,RU,1577674187,92,100,10.85,23.76
482,Ternate,14.29,120.72,PH,1577674333,66,20,87.01,8.05
483,Episkopi,34.67,32.9,CY,1577674335,67,40,62.6,19.46
484,Nebolchi,59.12,33.35,RU,1577674336,93,100,25.75,15.3
485,Motril,36.75,-3.52,ES,1577674337,78,1,45.0,15.79
486,Aquidauana,-20.47,-55.78,BR,1577674338,72,90,79.29,2.93
487,Pueblo Nuevo,-32.93,-68.73,AR,1577674340,42,98,84.2,10.29
488,Darnah,32.77,22.64,LY,1577674341,66,57,55.85,25.66
489,Kipini,-2.53,40.53,KE,1577674343,88,1,78.8,8.61
490,Cooma,-36.24,149.13,AU,1577674344,10,57,91.4,23.04
491,Qinzhou,21.96,108.62,CN,1577674345,55,73,72.97,4.81
492,Umea,63.83,20.26,SE,1577674347,86,100,39.2,12.75
493,Carutapera,-1.2,-46.02,BR,1577674348,79,97,82.17,15.86
494,Laela,-8.57,32.05,TZ,1577674350,94,100,61.81,2.06
